Workbook

Sheet 投稿ログ
A1: 投稿日 | B1: 形式 | C1: トピック | D1: フック見出し | E1: リーチ | F1: インプレッション | G1: 保存 | H1: いいね | I1: コメント | J1: シェア | K1: プロフ遷移 | L1: LINE登録 | M1: 保存率 | N1: プロフ遷移率 | O1: 備考
M2: =IFERROR(G2/E2,"") | N2: =IFERROR(K2/E2,"")
M3: =IFERROR(G3/E3,"") | N3: =IFERROR(K3/E3,"")
M4: =IFERROR(G4/E4,"") | N4: =IFERROR(K4/E4,"")
M5: =IFERROR(G5/E5,"") | N5: =IFERROR(K5/E5,"")
M6: =IFERROR(G6/E6,"") | N6: =IFERROR(K6/E6,"")
M7: =IFERROR(G7/E7,"") | N7: =IFERROR(K7/E7,"")
M8: =IFERROR(G8/E8,"") | N8: =IFERROR(K8/E8,"")
M9: =IFERROR(G9/E9,"") | N9: =IFERROR(K9/E9,"")
M10: =IFERROR(G10/E10,"") | N10: =IFERROR(K10/E10,"")
M11: =IFERROR(G11/E11,"") | N11: =IFERROR(K11/E11,"")
M12: =IFERROR(G12/E12,"") | N12: =IFERROR(K12/E12,"")
M13: =IFERROR(G13/E13,"") | N13: =IFERROR(K13/E13,"")
... M500: =IFERROR(G500/E500,"") | N500: =IFERROR(K500/E500,"")
A503: ※ 形式=カルーセル/リール/単発。保存率・プロフ遷移率は自動計算。LINEは公式LINE登録数（その投稿経由が分かれば）。

Sheet 週次サマリ
A1: 📊 週次サマリ（北極星KPI＝公式LINE登録）
A3: 累計投稿数 | B3: =COUNT(投稿ログ!A2:A500) -> 0
A4: 累計リーチ | B4: =SUM(投稿ログ!E2:E500) -> 0
A5: 累計保存数 | B5: =SUM(投稿ログ!G2:G500) -> 0
A6: 平均保存率 | B6: =IFERROR(SUM(投稿ログ!G2:G500)/SUM(投稿ログ!E2:E500),"-") -> -
A7: 平均プロフ遷移率 | B7: =IFERROR(SUM(投稿ログ!K2:K500)/SUM(投稿ログ!E2:E500),"-") -> -
A8: 累計LINE登録 ★ | B8: =SUM(投稿ログ!L2:L500) -> 0
A11: 週ごとの集計（週開始・週終了を入力）
A12: 週開始 | B12: 週終了 | C12: 投稿数 | D12: 合計リーチ | E12: 平均保存率 | F12: LINE登録
C13: =IF($A13="","",COUNTIFS(投稿ログ!$A$2:$A$500,">="&$A13,投稿ログ!$A$2:$A$500,"<="&$B13)) | D13: =IF($A13="","",SUMIFS(投稿ログ!$E$2:$E$500,投稿ログ!$A$2:$A$500,">="&$A13,投稿ログ!$A$2:$A$500,"<="&$B13)) | E13: =IFERROR(SUMIFS(投稿ログ!$G$2:$G$500,投稿ログ!$A$2:$A$500,">="&$A13,投稿ログ!$A$2:$A$500,"<="&$B13)/SUMIFS(投稿ログ!$E$2:$E$500,投稿ログ!$A$2:$A$500,">="&$A13,投稿ログ!$A$2:$A$500,"<="&$B13),"-") -> - | F13: =IF($A13="","",SUMIFS(投稿ログ!$L$2:$L$500,投稿ログ!$A$2:$A$500,">="&$A13,投稿ログ!$A$2:$A$500,"<="&$B13))
C14: =IF($A14="","",COUNTIFS(投稿ログ!$A$2:$A$500,">="&$A14,投稿ログ!$A$2:$A$500,"<="&$B14)) | D14: =IF($A14="","",SUMIFS(投稿ログ!$E$2:$E$500,投稿ログ!$A$2:$A$500,">="&$A14,投稿ログ!$A$2:$A$500,"<="&$B14)) | E14: =IFERROR(SUMIFS(投稿ログ!$G$2:$G$500,投稿ログ!$A$2:$A$500,">="&$A14,投稿ログ!$A$2:$A$500,"<="&$B14)/SUMIFS(投稿ログ!$E$2:$E$500,投稿ログ!$A$2:$A$500,">="&$A14,投稿ログ!$A$2:$A$500,"<="&$B14),"-") -> - | F14: =IF($A14="","",SUMIFS(投稿ログ!$L$2:$L$500,投稿ログ!$A$2:$A$500,">="&$A14,投稿ログ!$A$2:$A$500,"<="&$B14))
C15: =IF($A15="","",COUNTIFS(投稿ログ!$A$2:$A$500,">="&$A15,投稿ログ!$A$2:$A$500,"<="&$B15)) | D15: =IF($A15="","",SUMIFS(投稿ログ!$E$2:$E$500,投稿ログ!$A$2:$A$500,">="&$A15,投稿ログ!$A$2:$A$500,"<="&$B15)) | E15: =IFERROR(SUMIFS(投稿ログ!$G$2:$G$500,投稿ログ!$A$2:$A$500,">="&$A15,投稿ログ!$A$2:$A$500,"<="&$B15)/SUMIFS(投稿ログ!$E$2:$E$500,投稿ログ!$A$2:$A$500,">="&$A15,投稿ログ!$A$2:$A$500,"<="&$B15),"-") -> - | F15: =IF($A15="","",SUMIFS(投稿ログ!$L$2:$L$500,投稿ログ!$A$2:$A$500,">="&$A15,投稿ログ!$A$2:$A$500,"<="&$B15))
C16: =IF($A16="","",COUNTIFS(投稿ログ!$A$2:$A$500,">="&$A16,投稿ログ!$A$2:$A$500,"<="&$B16)) | D16: =IF($A16="","",SUMIFS(投稿ログ!$E$2:$E$500,投稿ログ!$A$2:$A$500,">="&$A16,投稿ログ!$A$2:$A$500,"<="&$B16)) | E16: =IFERROR(SUMIFS(投稿ログ!$G$2:$G$500,投稿ログ!$A$2:$A$500,">="&$A16,投稿ログ!$A$2:$A$500,"<="&$B16)/SUMIFS(投稿ログ!$E$2:$E$500,投稿ログ!$A$2:$A$500,">="&$A16,投稿ログ!$A$2:$A$500,"<="&$B16),"-") -> - | F16: =IF($A16="","",SUMIFS(投稿ログ!$L$2:$L$500,投稿ログ!$A$2:$A$500,">="&$A16,投稿ログ!$A$2:$A$500,"<="&$B16))
C17: =IF($A17="","",COUNTIFS(投稿ログ!$A$2:$A$500,">="&$A17,投稿ログ!$A$2:$A$500,"<="&$B17)) | D17: =IF($A17="","",SUMIFS(投稿ログ!$E$2:$E$500,投稿ログ!$A$2:$A$500,">="&$A17,投稿ログ!$A$2:$A$500,"<="&$B17)) | E17: =IFERROR(SUMIFS(投稿ログ!$G$2:$G$500,投稿ログ!$A$2:$A$500,">="&$A17,投稿ログ!$A$2:$A$500,"<="&$B17)/SUMIFS(投稿ログ!$E$2:$E$500,投稿ログ!$A$2:$A$500,">="&$A17,投稿ログ!$A$2:$A$500,"<="&$B17),"-") -> - | F17: =IF($A17="","",SUMIFS(投稿ログ!$L$2:$L$500,投稿ログ!$A$2:$A$500,">="&$A17,投稿ログ!$A$2:$A$500,"<="&$B17))
C18: =IF($A18="","",COUNTIFS(投稿ログ!$A$2:$A$500,">="&$A18,投稿ログ!$A$2:$A$500,"<="&$B18)) | D18: =IF($A18="","",SUMIFS(投稿ログ!$E$2:$E$500,投稿ログ!$A$2:$A$500,">="&$A18,投稿ログ!$A$2:$A$500,"<="&$B18)) | E18: =IFERROR(SUMIFS(投稿ログ!$G$2:$G$500,投稿ログ!$A$2:$A$500,">="&$A18,投稿ログ!$A$2:$A$500,"<="&$B18)/SUMIFS(投稿ログ!$E$2:$E$500,投稿ログ!$A$2:$A$500,">="&$A18,投稿ログ!$A$2:$A$500,"<="&$B18),"-") -> - | F18: =IF($A18="","",SUMIFS(投稿ログ!$L$2:$L$500,投稿ログ!$A$2:$A$500,">="&$A18,投稿ログ!$A$2:$A$500,"<="&$B18))
C19: =IF($A19="","",COUNTIFS(投稿ログ!$A$2:$A$500,">="&$A19,投稿ログ!$A$2:$A$500,"<="&$B19)) | D19: =IF($A19="","",SUMIFS(投稿ログ!$E$2:$E$500,投稿ログ!$A$2:$A$500,">="&$A19,投稿ログ!$A$2:$A$500,"<="&$B19)) | E19: =IFERROR(SUMIFS(投稿ログ!$G$2:$G$500,投稿ログ!$A$2:$A$500,">="&$A19,投稿ログ!$A$2:$A$500,"<="&$B19)/SUMIFS(投稿ログ!$E$2:$E$500,投稿ログ!$A$2:$A$500,">="&$A19,投稿ログ!$A$2:$A$500,"<="&$B19),"-") -> - | F19: =IF($A19="","",SUMIFS(投稿ログ!$L$2:$L$500,投稿ログ!$A$2:$A$500,">="&$A19,投稿ログ!$A$2:$A$500,"<="&$B19))
C20: =IF($A20="","",COUNTIFS(投稿ログ!$A$2:$A$500,">="&$A20,投稿ログ!$A$2:$A$500,"<="&$B20)) | D20: =IF($A20="","",SUMIFS(投稿ログ!$E$2:$E$500,投稿ログ!$A$2:$A$500,">="&$A20,投稿ログ!$A$2:$A$500,"<="&$B20)) | E20: =IFERROR(SUMIFS(投稿ログ!$G$2:$G$500,投稿ログ!$A$2:$A$500,">="&$A20,投稿ログ!$A$2:$A$500,"<="&$B20)/SUMIFS(投稿ログ!$E$2:$E$500,投稿ログ!$A$2:$A$500,">="&$A20,投稿ログ!$A$2:$A$500,"<="&$B20),"-") -> - | F20: =IF($A20="","",SUMIFS(投稿ログ!$L$2:$L$500,投稿ログ!$A$2:$A$500,">="&$A20,投稿ログ!$A$2:$A$500,"<="&$B20))
A22: ※ いいね・フォロワーは虚栄指標。判断は保存率・プロフ遷移率・LINE登録で行う。

Sheet トピックバンク
A1: カテゴリ | B1: トピック案 | C1: フックの方向性 | D1: 優先度 | E1: ステータス | F1: 投稿日
A2: お金 | B2: 賃貸の初期費用の内訳 | C2: 総額の目安＋内訳を一枚で | D2: 高 | E2: 未
A3: お金 | B3: 敷金と礼金の違い | C3: 返ってくる/こないを明確に | D3: 高 | E3: 未
A4: お金 | B4: 仲介手数料は交渉できる | C4: 相場と交渉余地 | D4: 高 | E4: 未
A5: お金 | B5: 退去費用でもめないコツ | C5: 原状回復の線引き | D5: 中 | E5: 未
A6: お金 | B6: 更新料の仕組み | C6: 地域差と相場 | D6: 中 | E6: 未
A7: 内見 | B7: 内見チェックリスト10 | C7: 見るべき所を網羅 | D7: 高 | E7: 未
A8: 内見 | B8: 内見で見落としがちな点 | C8: コンセント/電波/騒音 | D8: 高 | E8: 未
A9: 内見 | B9: 夜・雨の日に見るべき理由 | C9: 昼だけでは分からない | D9: 中 | E9: 未
A10: 内見 | B10: 採寸すべき箇所 | C10: 家具が入らない事故防止 | D10: 中 | E10: 未
A11: 部屋探し | B11: 家賃相場の見方 | C11: 適正家賃の判断軸 | D11: 高 | E11: 未
A12: 部屋探し | B12: 譲れない条件の決め方 | C12: 優先順位の付け方 | D12: 高 | E12: 未
A13: 部屋探し | B13: 繁忙期と閑散期 | C13: いつ探すと得か | D13: 中 | E13: 未
... A26: ニッチ | B26: 女性の一人暮らし防犯 | C26: チェックすべき設備 | D26: 中 | E26: 未

Sheet KPI定義・運用ルール
A1: 📌 KPI定義・運用ルール
A3: ■ 北極星KPI（最重要）
A4: 公式LINE登録数。SNSはここ（ファネル下流＝事業に直結）で判断する。
A6: ■ 中間指標（投稿の良し悪しを見る）
A7: ・保存率 ＝ 保存数 ÷ リーチ（教育コンテンツの核。保存される＝役立った証拠）
A8: ・プロフィール遷移率 ＝ プロフ遷移 ÷ リーチ（興味→アカウントへの動き）
A10: ■ 虚栄指標（追わない）
A11: いいね・フォロワー数。これらで一喜一憂すると判断がブレる。参考程度に留める。
A13: ■ フェーズの考え方
A14: P1（最初4〜8週）：母数づくり。量と一貫性が最優先。数値は『傾向』だけ見て、施策判断はしない。
A15: P2（母数が出てから）：データドリブン改善。保存率の高い/低い投稿を比較し、勝ち型を量産。
A17: ■ 週次の改善ループ（P2）
... A25: ・『トピックバンク』から次に出すネタを選ぶ（優先度高から）
